TeamID,SEASON,LeagueID,PLAYER,NICKNAME,PLAYER_SLUG,NUM,POSITION,HEIGHT,WEIGHT,BIRTH_DATE,AGE,EXP,SCHOOL,PLAYER_ID,HOW_ACQUIRED
1610612737,2022,00,Donovan Williams,Donovan,donovan-williams,,G,6-6,190,"SEP 06, 2001",21.0,R,UNLV,1631495,Signed on 01/17/23
1610612737,2022,00,Jalen Johnson,Jalen,jalen-johnson,1,F,6-8,219,"DEC 18, 2001",21.0,1,Duke,1630552,#20 Pick in 2021 Draft
1610612737,2022,00,Trent Forrest,Trent,trent-forrest,2,G,6-4,210,"JUN 12, 1998",24.0,2,Florida State,1630235,Signed on 08/08/22
1610612737,2022,00,Aaron Holiday,Aaron,aaron-holiday,3,G,6-0,185,"SEP 30, 1996",26.0,4,UCLA,1628988,Signed on 07/06/22
1610612737,2022,00,Dejounte Murray,Dejounte,dejounte-murray,5,G,6-5,180,"SEP 19, 1996",26.0,5,Washington,1627749,Traded from SAS on 06/30/22
1610612737,2022,00,Trae Young,Trae,trae-young,11,G,6-1,164,"SEP 19, 1998",24.0,4,Oklahoma,1629027,Draft Rights Traded from DAL on 06/21/18
1610612737,2022,00,De'Andre Hunter,De'Andre,deandre-hunter,12,F-G,6-8,221,"DEC 02, 1997",25.0,3,Virginia,1629631,Draft Rights Traded from NOP on 07/07/19
1610612737,2022,00,Bogdan Bogdanovic,Bogdan,bogdan-bogdanovic,13,G,6-5,225,"AUG 18, 1992",30.0,5,Fenerbahce,203992,Signed on 11/25/20
1610612737,2022,00,AJ Griffin,AJ,aj-griffin,14,F,6-6,220,"AUG 25, 2003",19.0,R,Duke,1631100,#16 Pick in 2022 Draft
1610612737,2022,00,Clint Capela,Clint,clint-capela,15,C,6-10,256,"MAY 18, 1994",28.0,8,Elan Chalon,203991,Traded from HOU on 02/05/20
1610612737,2022,00,Onyeka Okongwu,Onyeka,onyeka-okongwu,17,F-C,6-9,240,"DEC 11, 2000",22.0,2,Southern California,1630168,#6 Pick in 2020 Draft
1610612737,2022,00,John Collins,John,john-collins,20,F-C,6-9,226,"SEP 23, 1997",25.0,5,Wake Forest,1628381,#19 Pick in 2017 Draft
1610612737,2022,00,Bruno Fernando,Bruno,bruno-fernando,20,F-C,6-10,240,"AUG 15, 1998",24.0,3,Maryland,1628981,Traded from HOU on 02/09/23
1610612737,2022,00,Tyrese Martin,Tyrese,tyrese-martin,22,G,6-6,215,"MAR 07, 1999",23.0,R,Connecticut,1631213,Draft Rights Traded from GSW on 06/24/22
1610612737,2022,00,Garrison Mathews,Garrison,garrison-mathews,25,G,6-6,215,"OCT 24, 1996",26.0,3,Lipscomb,1629726,Traded from HOU on 02/09/23
1610612737,2022,00,Vit Krejci,Vit,vit-krejci,27,G,6-8,195,"JUN 19, 2000",22.0,1,Zaragoza,1630249,Traded from OKC on 09/27/22
1610612737,2022,00,Saddiq Bey,Saddiq,saddiq-bey,41,F,6-7,215,"APR 09, 1999",23.0,2,Villanova,1630180,Traded from DET on 02/09/23
1610612738,2022,00,Jayson Tatum,Jayson,jayson-tatum,0,F-G,6-8,210,"MAR 03, 1998",24.0,5,Duke,1628369,#3 Pick in 2017 Draft
1610612738,2022,00,Jaylen Brown,Jaylen,jaylen-brown,7,G-F,6-6,223,"OCT 24, 1996",26.0,6,California,1627759,#3 Pick in 2016 Draft
1610612738,2022,00,Danilo Gallinari,Danilo,danilo-gallinari,8,F,6-10,236,"AUG 08, 1988",34.0,13,Olimpia Milano,201568,Signed on 07/12/22
1610612738,2022,00,Derrick White,Derrick,derrick-white,9,G,6-4,190,"JUL 02, 1994",28.0,5,Colorado,1628401,Traded from SAS on 02/10/22
1610612738,2022,00,Payton Pritchard,Payton,payton-pritchard,11,G,6-1,195,"JAN 28, 1998",25.0,2,Oregon,1630202,#26 Pick in 2020 Draft
1610612738,2022,00,Grant Williams,Grant,grant-williams,12,F,6-6,236,"NOV 30, 1998",24.0,3,Tennessee,1629684,#22 Pick in 2019 Draft
1610612738,2022,00,Malcolm Brogdon,Malcolm,malcolm-brogdon,13,G,6-4,229,"DEC 11, 1992",30.0,6,Virginia,1627763,Traded from IND on 07/09/22
1610612738,2022,00,JD Davison,JD,jd-davison,20,G,6-1,195,"OCT 03, 2002",20.0,R,Alabama,1631120,#53 Pick in 2022 Draft
1610612738,2022,00,Mfiondu Kabengele,Mfiondu,mfiondu-kabengele,28,C,6-10,250,"AUG 14, 1997",25.0,2,Florida State,1629662,Signed on 07/16/22
1610612738,2022,00,Sam Hauser,Sam,sam-hauser,30,F,6-7,217,"DEC 08, 1997",25.0,1,Virginia,1630573,Signed on 08/13/21
1610612738,2022,00,Mike Muscala,Mike,mike-muscala,33,F-C,6-11,240,"JUL 01, 1991",31.0,9,Bucknell,203488,Traded from OKC on 02/09/23
1610612738,2022,00,Marcus Smart,Marcus,marcus-smart,36,G,6-4,220,"MAR 06, 1994",28.0,8,Oklahoma State,203935,#6 Pick in 2014 Draft
1610612738,2022,00,Luke Kornet,Luke,luke-kornet,40,C-F,7-2,250,"JUL 15, 1995",27.0,5,Vanderbilt,1628436,Signed on 02/11/22
1610612738,2022,00,Al Horford,Al,al-horford,42,C-F,6-9,240,"JUN 03, 1986",36.0,15,Florida,201143,Traded from OKC on 06/18/21
1610612738,2022,00,Robert Williams III,Robert,robert-williams-iii,44,C-F,6-9,237,"OCT 17, 1997",25.0,4,Texas A&M,1629057,#27 Pick in 2018 Draft
1610612738,2022,00,Blake Griffin,Blake,blake-griffin,91,F,6-9,250,"MAR 16, 1989",33.0,12,Oklahoma,201933,Signed on 10/03/22
1610612739,2022,00,Caris LeVert,Caris,caris-levert,3,G,6-6,205,"AUG 25, 1994",28.0,6,Michigan,1627747,Traded from IND on 02/07/22
1610612739,2022,00,Evan Mobley,Evan,evan-mobley,4,C,6-11,215,"JUN 18, 2001",21.0,1,Southern California,1630596,#3 Pick in 2021 Draft
1610612739,2022,00,Lamar Stevens,Lamar,lamar-stevens,8,F,6-6,230,"JUL 09, 1997",25.0,2,Penn State,1630205,Signed on 11/28/20
1610612739,2022,00,Dylan Windler,Dylan,dylan-windler,9,G-F,6-7,196,"SEP 22, 1996",26.0,2,Belmont,1629685,#26 Pick in 2019 Draft
1610612739,2022,00,Darius Garland,Darius,darius-garland,10,G,6-1,192,"JAN 26, 2000",23.0,3,Vanderbilt,1629636,#5 Pick in 2019 Draft
1610612739,2022,00,Ricky Rubio,Ricky,ricky-rubio,13,G,6-2,190,"OCT 21, 1990",32.0,11,FC Barcelona,201937,Signed on 07/07/22
1610612739,2022,00,Danny Green,Danny,danny-green,14,G,6-6,215,"JUN 22, 1987",35.0,13,North Carolina,201980,Signed on 02/14/23
1610612739,2022,00,Isaiah Mobley,Isaiah,isaiah-mobley,15,F,6-8,238,"SEP 24, 1999",23.0,R,Southern California,1630600,#49 Pick in 2022 Draft
1610612739,2022,00,Cedi Osman,Cedi,cedi-osman,16,F,6-7,230,"APR 08, 1995",27.0,5,Anadolu Efes,1626224,Draft Rights Traded from MIN on 06/25/15
1610612739,2022,00,Raul Neto,Raul,raul-neto,19,G,6-2,180,"MAY 19, 1992",30.0,7,Murcia,203526,Signed on 07/07/22
1610612739,2022,00,Mamadi Diakite,Mamadi,mamadi-diakite,21,F,6-9,228,"JAN 21, 1997",26.0,2,Virginia,1629603,Signed on 09/19/22
1610612739,2022,00,Jarrett Allen,Jarrett,jarrett-allen,31,C,6-9,243,"APR 21, 1998",24.0,5,Texas,1628386,Traded from BKN on 01/16/21
1610612739,2022,00,Dean Wade,Dean,dean-wade,32,F-C,6-9,228,"NOV 20, 1996",26.0,3,Kansas State,1629731,Signed on 07/01/19
1610612739,2022,00,Robin Lopez,Robin,robin-lopez,33,C,7-0,281,"APR 01, 1988",34.0,14,Stanford,201577,Signed on 07/07/22
1610612739,2022,00,Isaac Okoro,Isaac,isaac-okoro,35,F-G,6-5,225,"JAN 26, 2001",22.0,2,Auburn,1630171,#5 Pick in 2020 Draft
1610612739,2022,00,Donovan Mitchell,Donovan,donovan-mitchell,45,G,6-1,215,"SEP 07, 1996",26.0,5,Louisville,1628378,Traded from UTA on 09/03/22
1610612740,2022,00,Dereon Seabron,Dereon,dereon-seabron,0,G,6-5,180,"MAY 26, 2000",22.0,R,North Carolina State,1631220,Signed on 09/09/22
1610612740,2022,00,Zion Williamson,Zion,zion-williamson,1,F,6-6,284,"JUL 06, 2000",22.0,2,Duke,1629627,#1 Pick in 2019 Draft
1610612740,2022,00,Josh Richardson,Josh,josh-richardson,2,G,6-6,200,"SEP 15, 1993",29.0,7,Tennessee,1626196,Traded from SAS on 02/09/23
1610612740,2022,00,CJ McCollum,CJ,cj-mccollum,3,G,6-3,190,"SEP 19, 1991",31.0,9,Lehigh,203468,Traded from POR on 02/08/22
1610612740,2022,00,Herbert Jones,Herbert,herbert-jones,5,F,6-7,206,"OCT 06, 1998",24.0,1,Alabama,1630529,#35 Pick in 2021 Draft
1610612740,2022,00,Naji Marshall,Naji,naji-marshall,8,F,6-7,220,"JAN 24, 1998",25.0,2,Xavier,1630230,Signed on 12/07/20
1610612740,2022,00,Willy Hernangomez,Willy,willy-hernangomez,9,C-F,6-11,250,"MAY 27, 1994",28.0,6,Cajasol Sevilla,1626195,Signed on 11/24/20
1610612740,2022,00,Jaxson Hayes,Jaxson,jaxson-hayes,10,C-F,7-0,220,"MAY 23, 2000",22.0,3,Texas,1629637,Draft Rights Traded from ATL on 07/07/19
1610612740,2022,00,Dyson Daniels,Dyson,dyson-daniels,11,G,6-7,199,"MAR 17, 2003",19.0,R,NBA G League Ignite,1630700,#8 Pick in 2022 Draft
1610612740,2022,00,Kira Lewis Jr.,Kira,kira-lewis-jr,13,G,6-1,170,"APR 06, 2001",21.0,2,Alabama,1630184,#13 Pick in 2020 Draft
1610612740,2022,00,Brandon Ingram,Brandon,brandon-ingram,14,F,6-8,190,"SEP 02, 1997",25.0,6,Duke,1627742,Traded from LAL on 07/06/19
1610612740,2022,00,Jose Alvarado,Jose,jose-alvarado,15,G,6-0,179,"APR 12, 1998",24.0,1,Georgia Tech,1630631,Signed on 08/18/21
1610612740,2022,00,Jonas Valanciunas,Jonas,jonas-valanciunas,17,C,6-11,265,"MAY 06, 1992",30.0,10,Lietuvos rytas Vilnius,202685,Traded from MEM on 08/07/21
1610612740,2022,00,Larry Nance Jr.,Larry,larry-nance-jr,22,F-C,6-8,245,"JAN 01, 1993",30.0,7,Wyoming,1626204,Traded from POR on 02/08/22
1610612740,2022,00,Trey Murphy III,Trey,trey-murphy-iii,25,F,6-8,206,"JUN 18, 2000",22.0,1,Virginia,1630530,Draft Rights Traded from MEM on 08/07/21
1610612740,2022,00,E.J. Liddell,E.J.,ej-liddell,32,F,6-6,240,"DEC 18, 2000",22.0,R,Ohio State,1630604,#41 Pick in 2022 Draft
1610612740,2022,00,Garrett Temple,Garrett,garrett-temple,41,G-F,6-6,195,"MAY 08, 1986",36.0,12,Louisiana State,202066,Traded from CHI on 08/08/21
1610612741,2022,00,Coby White,Coby,coby-white,0,G,6-5,195,"FEB 16, 2000",23.0,3,North Carolina,1629632,#7 Pick in 2019 Draft
1610612741,2022,00,Lonzo Ball,Lonzo,lonzo-ball,2,G,6-6,190,"OCT 27, 1997",25.0,5,UCLA,1628366,Traded from NOP on 08/08/21
1610612741,2022,00,Andre Drummond,Andre,andre-drummond,3,C,6-11,279,"AUG 10, 1993",29.0,10,Connecticut,203083,Signed on 07/06/22
1610612741,2022,00,Derrick Jones Jr.,Derrick,derrick-jones-jr,5,F,6-6,210,"FEB 15, 1997",26.0,6,UNLV,1627884,Traded from POR on 08/28/21
1610612741,2022,00,Alex Caruso,Alex,alex-caruso,6,G,6-5,186,"FEB 28, 1994",28.0,5,Texas A&M,1627936,Signed on 08/10/21
1610612741,2022,00,Goran Dragic,Goran,goran-dragic,7,G,6-4,190,"MAY 06, 1986",36.0,14,Union Olimpija,201609,Signed on 08/02/22
1610612741,2022,00,Zach LaVine,Zach,zach-lavine,8,G-F,6-5,200,"MAR 10, 1995",27.0,8,UCLA,203897,Traded from MIN on 06/22/17
1610612741,2022,00,Nikola Vucevic,Nikola,nikola-vucevic,9,C,6-10,260,"OCT 24, 1990",32.0,11,Southern California,202696,Traded from ORL on 03/25/21
1610612741,2022,00,DeMar DeRozan,DeMar,demar-derozan,11,G-F,6-6,220,"AUG 07, 1989",33.0,13,Southern California,201942,Traded from SAS on 08/11/21
1610612741,2022,00,Ayo Dosunmu,Ayo,ayo-dosunmu,12,G,6-5,200,"JAN 17, 2000",23.0,1,Illinois,1630245,#38 Pick in 2021 Draft
1610612741,2022,00,Tony Bradley,Tony,tony-bradley,13,C-F,6-11,248,"JAN 08, 1998",25.0,5,North Carolina,1628396,Signed on 08/11/21
1610612741,2022,00,Malcolm Hill,Malcolm,malcolm-hill,14,F,6-6,220,"OCT 26, 1995",27.0,1,Illinois,1630792,Signed on 01/14/22
1610612741,2022,00,Marko Simonovic,Marko,marko-simonovic,19,C,7-0,220,"OCT 15, 1999",23.0,1,Mega Basket,1630250,#44 Pick in 2020 Draft
1610612741,2022,00,Carlik Jones,Carlik,carlik-jones,22,G,6-0,174,"DEC 23, 1997",25.0,1,Louisville,1630637,Signed on 08/15/22
1610612741,2022,00,Javonte Green,Javonte,javonte-green,24,G-F,6-5,205,"JUL 23, 1993",29.0,3,Radford,1629750,Traded from BOS on 03/25/21
1610612741,2022,00,Dalen Terry,Dalen,dalen-terry,25,F,6-7,195,"JUL 12, 2002",20.0,R,Arizona,1631207,#18 Pick in 2022 Draft
1610612741,2022,00,Patrick Williams,Patrick,patrick-williams,44,F,6-7,215,"AUG 26, 2001",21.0,2,Florida State,1630172,#4 Pick in 2020 Draft
1610612742,2022,00,A.J. Lawson,A.J.,aj-lawson,00,G,6-6,179,"JUL 15, 2000",22.0,R,South Carolina,1630639,Signed on 12/26/22
1610612742,2022,00,JaVale McGee,JaVale,javale-mcgee,00,C-F,7-0,270,"JAN 19, 1988",35.0,14,Nevada,201580,Signed on 07/09/22
1610612742,2022,00,Theo Pinson,Theo,theo-pinson,1,G-F,6-7,212,"NOV 05, 1995",27.0,4,North Carolina,1629033,Signed on 12/20/21
1610612742,2022,00,Jaden Hardy,Jaden,jaden-hardy,3,G,6-3,198,"JUL 05, 2002",20.0,R,NBA G League Ignite,1630702,Draft Rights Traded from SAC on 06/24/22
1610612742,2022,00,Dwight Powell,Dwight,dwight-powell,7,F-C,6-10,240,"JUL 20, 1991",31.0,8,Stanford,203939,Traded from BOS on 12/18/14
1610612742,2022,00,Josh Green,Josh,josh-green,8,G,6-7,200,"NOV 16, 2000",22.0,2,Arizona,1630182,#18 Pick in 2020 Draft
1610612742,2022,00,Justin Holiday,Justin,justin-holiday,8,F-G,6-6,180,"APR 05, 1989",33.0,9,Washington,203200,Signed on 02/15/23
1610612742,2022,00,Tim Hardaway Jr.,Tim,tim-hardaway-jr,11,G-F,6-5,205,"MAR 16, 1992",30.0,9,Michigan,203501,Traded from NYK on 01/31/19
1610612742,2022,00,Kyrie Irving,Kyrie,kyrie-irving,11,G,6-2,195,"MAR 23, 1992",30.0,11,Duke,202681,Traded from BKN on 02/06/23
1610612742,2022,00,Markieff Morris,Markieff,markieff-morris,13,F,6-9,245,"SEP 02, 1989",33.0,11,Kansas,202693,Traded from BKN on 02/06/23
1610612742,2022,00,Frank Ntilikina,Frank,frank-ntilikina,21,G,6-4,200,"JUL 28, 1998",24.0,5,Strasbourg IG,1628373,Signed on 09/16/21
1610612742,2022,00,McKinley Wright IV,McKinley,mckinley-wright-iv,25,G,5-11,192,"OCT 25, 1998",24.0,1,Colorado,1630593,Signed on 08/12/22
1610612742,2022,00,Reggie Bullock,Reggie,reggie-bullock,25,G-F,6-6,205,"MAR 16, 1991",31.0,9,North Carolina,203493,Signed on 08/06/21
1610612742,2022,00,Christian Wood,Christian,christian-wood,35,F,6-9,214,"SEP 27, 1995",27.0,6,UNLV,1626174,Traded from HOU on 06/24/22
1610612742,2022,00,Maxi Kleber,Maxi,maxi-kleber,42,F,6-10,240,"JAN 29, 1992",31.0,5,Bayern Munich,1628467,Signed on 07/12/17
1610612742,2022,00,Davis Bertans,Davis,davis-bertans,44,F,6-10,225,"NOV 12, 1992",30.0,6,Baskonia,202722,Traded from WAS on 02/10/22
1610612742,2022,00,Luka Doncic,Luka,luka-doncic,77,F-G,6-7,230,"FEB 28, 1999",23.0,4,Real Madrid,1629029,Draft Rights Traded from ATL on 06/21/18
1610612743,2022,00,Christian Braun,Christian,christian-braun,0,G,6-6,220,"APR 17, 2001",21.0,R,Kansas,1631128,#21 Pick in 2022 Draft
1610612743,2022,00,Michael Porter Jr.,Michael,michael-porter-jr,1,F,6-10,218,"JUN 29, 1998",24.0,3,Missouri,1629008,#14 Pick in 2018 Draft
1610612743,2022,00,Reggie Jackson,Reggie,reggie-jackson,1,G,6-2,208,"APR 16, 1990",32.0,11,Boston College,202704,Signed on 02/14/23
1610612743,2022,00,Kentavious Caldwell-Pope,Kentavious,kentavious-caldwell-pope,5,G,6-5,204,"FEB 18, 1993",30.0,9,Georgia,203484,Traded from WAS on 07/06/22
1610612743,2022,00,DeAndre Jordan,DeAndre,deandre-jordan,6,C,6-11,265,"JUL 21, 1988",34.0,14,Texas A&M,201599,Signed on 07/11/22
1610612743,2022,00,Peyton Watson,Peyton,peyton-watson,8,G,6-7,200,"SEP 11, 2002",20.0,R,UCLA,1631212,Draft Rights Traded from OKC on 06/23/22
1610612743,2022,00,Jack White,Jack,jack-white,10,F,6-7,225,"AUG 05, 1997",25.0,R,Duke,1631298,Signed on 07/19/22
1610612743,2022,00,Bruce Brown,Bruce,bruce-brown,11,G-F,6-4,202,"AUG 15, 1996",26.0,4,Miami,1628971,Signed on 07/07/22
1610612743,2022,00,Thomas Bryant,Thomas,thomas-bryant,13,C-F,6-10,248,"JUL 31, 1997",25.0,5,Indiana,1628418,Traded from LAL on 02/09/23
1610612743,2022,00,Ish Smith,Ish,ish-smith,14,G,6-0,175,"JUL 05, 1988",34.0,12,Wake Forest,202397,Traded from WAS on 07/06/22
1610612743,2022,00,Nikola Jokic,Nikola,nikola-jokic,15,C,6-11,284,"FEB 19, 1995",28.0,7,Mega Basket,203999,#41 Pick in 2014 Draft
1610612743,2022,00,Collin Gillespie,Collin,collin-gillespie,21,G,6-1,195,"JUN 25, 1999",23.0,R,Villanova,1631221,Signed on 07/03/22
1610612743,2022,00,Zeke Nnaji,Zeke,zeke-nnaji,22,F-C,6-9,240,"JAN 09, 2001",22.0,2,Arizona,1630192,#22 Pick in 2020 Draft
1610612743,2022,00,Jamal Murray,Jamal,jamal-murray,27,G,6-4,215,"FEB 23, 1997",25.0,5,Kentucky,1627750,#7 Pick in 2016 Draft
1610612743,2022,00,Vlatko Cancar,Vlatko,vlatko-cancar,31,F,6-8,236,"APR 10, 1997",25.0,3,San Pablo Burgos,1628427,#49 Pick in 2017 Draft
1610612743,2022,00,Jeff Green,Jeff,jeff-green,32,F,6-8,235,"AUG 28, 1986",36.0,14,Georgetown,201145,Signed on 08/11/21
1610612743,2022,00,Aaron Gordon,Aaron,aaron-gordon,50,F,6-8,235,"SEP 16, 1995",27.0,8,Arizona,203932,Traded from ORL on 03/25/21
1610612744,2022,00,Jonathan Kuminga,Jonathan,jonathan-kuminga,00,F,6-7,225,"OCT 06, 2002",20.0,1,NBA G League Ignite,1630228,#7 Pick in 2021 Draft
1610612744,2022,00,Donte DiVincenzo,Donte,donte-divincenzo,0,G,6-4,203,"JAN 31, 1997",26.0,4,Villanova,1628978,Signed on 07/08/22
1610612744,2022,00,JaMychal Green,JaMychal,jamychal-green,1,F-C,6-9,227,"JUN 21, 1990",32.0,8,Alabama,203210,Signed on 08/01/22
1610612744,2022,00,Ryan Rollins,Ryan,ryan-rollins,2,G,6-3,180,"JUL 03, 2002",20.0,R,Toledo,1631157,Draft Rights Traded from ATL on 06/24/22
1610612744,2022,00,Jordan Poole,Jordan,jordan-poole,3,G,6-4,194,"JUN 19, 1999",23.0,3,Michigan,1629673,#28 Pick in 2019 Draft
1610612744,2022,00,Moses Moody,Moses,moses-moody,4,G,6-5,211,"MAY 31, 2002",20.0,1,Arkansas,1630541,#14 Pick in 2021 Draft
1610612744,2022,00,Kevon Looney,Kevon,kevon-looney,5,F,6-9,222,"FEB 06, 1996",27.0,7,UCLA,1626172,#30 Pick in 2015 Draft
1610612744,2022,00,Patrick Baldwin Jr.,Patrick,patrick-baldwin-jr,7,F,6-9,220,"NOV 18, 2002",20.0,R,Wisconsin-Milwaukee,1631116,#28 Pick in 2022 Draft
1610612744,2022,00,Gary Payton II,Gary,gary-payton-ii,8,G,6-2,195,"DEC 01, 1992",30.0,6,Oregon State,1627780,Traded from POR on 02/09/23
1610612744,2022,00,Andre Iguodala,Andre,andre-iguodala,9,G-F,6-6,215,"JAN 28, 1984",39.0,18,Arizona,2738,Signed on 08/10/21
1610612744,2022,00,Ty Jerome,Ty,ty-jerome,10,G-F,6-5,195,"JUL 08, 1997",25.0,3,Virginia,1629660,Signed on 10/04/22
1610612744,2022,00,Klay Thompson,Klay,klay-thompson,11,G,6-6,220,"FEB 08, 1990",33.0,9,Washington State,202691,#11 Pick in 2011 Draft
1610612744,2022,00,Andrew Wiggins,Andrew,andrew-wiggins,22,F,6-7,197,"FEB 23, 1995",27.0,8,Kansas,203952,Traded from MIN on 02/06/20
1610612744,2022,00,Draymond Green,Draymond,draymond-green,23,F,6-6,230,"MAR 04, 1990",32.0,10,Michigan State,203110,#35 Pick in 2012 Draft
1610612744,2022,00,Stephen Curry,Stephen,stephen-curry,30,G,6-2,185,"MAR 14, 1988",34.0,13,Davidson,201939,#7 Pick in 2009 Draft
1610612744,2022,00,Anthony Lamb,Anthony,anthony-lamb,40,F,6-6,227,"JAN 20, 1998",25.0,2,Vermont,1630237,Signed on 10/05/22
1610612745,2022,00,TyTy Washington Jr.,TyTy,tyty-washington-jr,0,G,6-3,195,"NOV 15, 2001",21.0,R,Kentucky,1631102,Draft Rights Traded from MIN on 06/24/22
1610612745,2022,00,Frank Kaminsky,Frank,frank-kaminsky,0,F-C,7-0,240,"APR 04, 1993",29.0,7,Wisconsin,1626163,Traded from ATL on 02/09/23
1610612745,2022,00,Jabari Smith Jr.,Jabari,jabari-smith-jr,1,F,6-11,220,"MAY 13, 2003",19.0,R,Auburn,1631095,#3 Pick in 2022 Draft
1610612745,2022,00,Kevin Porter Jr.,Kevin,kevin-porter-jr,3,G-F,6-4,203,"MAY 04, 2000",22.0,3,Southern California,1629645,Traded from CLE on 01/22/21
1610612745,2022,00,Jalen Green,Jalen,jalen-green,4,G,6-4,186,"FEB 09, 2002",21.0,1,NBA G League Ignite,1630224,#2 Pick in 2021 Draft
1610612745,2022,00,Darius Days,Darius,darius-days,5,F,6-7,245,"OCT 20, 1999",23.0,R,Louisiana State,1630620,Awarded on Waivers on 10/11/22
1610612745,2022,00,Kenyon Martin Jr.,Kenyon,kenyon-martin-jr,6,F,6-7,215,"JAN 06, 2001",22.0,2,IMG Academy (FL),1630231,Draft Rights Traded from SAC on 11/25/20
1610612745,2022,00,Jae'Sean Tate,Jae'Sean,jaesean-tate,8,F,6-5,230,"OCT 28, 1995",27.0,2,Ohio State,1630256,Signed on 11/25/20
1610612745,2022,00,Josh Christopher,Josh,josh-christopher,9,G,6-4,215,"DEC 08, 2001",21.0,1,Arizona State,1630528,#24 Pick in 2021 Draft
1610612745,2022,00,Trevor Hudgins,Trevor,trevor-hudgins,12,G,6-0,180,"MAR 23, 1999",23.0,R,Northwest Missouri State,1631309,Signed on 07/01/22
1610612745,2022,00,Daishen Nix,Daishen,daishen-nix,15,G,6-4,226,"FEB 13, 2002",21.0,1,NBA G League Ignite,1630227,Signed on 08/24/21
1610612745,2022,00,Usman Garuba,Usman,usman-garuba,16,F,6-8,229,"MAR 09, 2002",20.0,1,Real Madrid,1630586,#23 Pick in 2021 Draft
1610612745,2022,00,Tari Eason,Tari,tari-eason,17,F,6-8,215,"MAY 10, 2001",21.0,R,Louisiana State,1631106,#17 Pick in 2022 Draft
1610612745,2022,00,Alperen Sengun,Alperen,alperen-sengun,28,C,6-11,243,"JUL 25, 2002",20.0,1,Besiktas,1630578,Draft Rights Traded from OKC on 07/30/21
1610612745,2022,00,Boban Marjanovic,Boban,boban-marjanovic,51,C,7-4,290,"AUG 15, 1988",34.0,7,Crvena zvezda,1626246,Traded from DAL on 06/24/22
1610612746,2022,00,Kawhi Leonard,Kawhi,kawhi-leonard,2,F,6-7,225,"JUN 29, 1991",31.0,10,San Diego State,202695,Signed on 07/09/19
1610612746,2022,00,Bones Hyland,Bones,bones-hyland,3,G,6-2,169,"SEP 14, 2000",22.0,1,Virginia Commonwealth,1630538,Traded from DEN on 02/09/23
1610612746,2022,00,Brandon Boston Jr.,Brandon,brandon-boston-jr,4,G,6-6,188,"NOV 28, 2001",21.0,1,Kentucky,1630527,Draft Rights Traded from NOP on 08/07/21
1610612746,2022,00,Amir Coffey,Amir,amir-coffey,7,G-F,6-7,210,"JUN 17, 1997",25.0,3,Minnesota,1629599,Signed on 07/09/19
1610612746,2022,00,Marcus Morris Sr.,Marcus,marcus-morris-sr,8,F,6-8,218,"SEP 02, 1989",33.0,11,Kansas,202694,Traded from NYK on 02/06/20
1610612746,2022,00,Eric Gordon,Eric,eric-gordon,10,G,6-3,215,"DEC 25, 1988",34.0,14,Indiana,201569,Traded from HOU on 02/09/23
1610612746,2022,00,Paul George,Paul,paul-george,13,F,6-8,220,"MAY 02, 1990",32.0,12,Fresno State,202331,Traded from OKC on 07/10/19
1610612746,2022,00,Terance Mann,Terance,terance-mann,14,G-F,6-5,215,"OCT 18, 1996",26.0,3,Florida State,1629611,#48 Pick in 2019 Draft
1610612746,2022,00,Jason Preston,Jason,jason-preston,17,G,6-3,181,"AUG 10, 1999",23.0,R,Ohio,1630554,Draft Rights Traded from ORL on 07/29/21
1610612746,2022,00,Robert Covington,Robert,robert-covington,23,F,6-7,209,"DEC 14, 1990",32.0,9,Tennessee State,203496,Traded from POR on 02/04/22
1610612746,2022,00,Norman Powell,Norman,norman-powell,24,G,6-4,215,"MAY 25, 1993",29.0,7,UCLA,1626181,Traded from POR on 02/04/22
1610612746,2022,00,Moussa Diabate,Moussa,moussa-diabate,25,F,6-10,210,"JAN 21, 2002",21.0,R,Michigan,1631217,#43 Pick in 2022 Draft
1610612746,2022,00,Nate Darling,Nate,nate-darling,30,G,6-5,200,"AUG 30, 1998",24.0,1,Delaware,1630268,Signed on 10/15/21
1610612746,2022,00,Nicolas Batum,Nicolas,nicolas-batum,33,G-F,6-8,230,"DEC 14, 1988",34.0,14,Le Mans,201587,Signed on 12/01/20
1610612746,2022,00,Ivica Zubac,Ivica,ivica-zubac,40,C,7-0,240,"MAR 18, 1997",25.0,6,Mega Basket,1627826,Traded from LAL on 02/07/19
1610612746,2022,00,Mason Plumlee,Mason,mason-plumlee,44,F-C,7-0,254,"MAR 05, 1990",32.0,9,Duke,203486,Traded from CHA on 02/09/23
1610612747,2022,00,D'Angelo Russell,D'Angelo,dangelo-russell,1,G,6-4,193,"FEB 23, 1996",26.0,7,Ohio State,1626156,Traded from MIN on 02/09/23
1610612747,2022,00,Jarred Vanderbilt,Jarred,jarred-vanderbilt,2,F,6-8,214,"APR 03, 1999",23.0,4,Kentucky,1629020,Traded from UTA on 02/09/23
1610612747,2022,00,Anthony Davis,Anthony,anthony-davis,3,F-C,6-10,253,"MAR 11, 1993",29.0,10,Kentucky,203076,Traded from NOP on 07/06/19
1610612747,2022,00,Lonnie Walker IV,Lonnie,lonnie-walker-iv,4,G-F,6-4,204,"DEC 14, 1998",24.0,4,Miami,1629022,Signed on 07/06/22
1610612747,2022,00,Malik Beasley,Malik,malik-beasley,5,G,6-4,187,"NOV 26, 1996",26.0,6,Florida State,1627736,Traded from UTA on 02/09/23
1610612747,2022,00,LeBron James,LeBron,lebron-james,6,F,6-9,250,"DEC 30, 1984",38.0,19,St. Vincent-St. Mary HS (OH),2544,Signed on 07/09/18
1610612747,2022,00,Troy Brown Jr.,Troy,troy-brown-jr,7,G-F,6-7,215,"JUL 28, 1999",23.0,4,Oregon,1628972,Signed on 07/01/22
1610612747,2022,00,Max Christie,Max,max-christie,10,G,6-5,190,"FEB 10, 2003",20.0,R,Michigan State,1631108,#35 Pick in 2022 Draft
1610612747,2022,00,Davon Reed,Davon,davon-reed,11,G,6-5,206,"JUN 11, 1995",27.0,3,Miami,1628432,Traded from DEN on 02/09/23
1610612747,2022,00,Mo Bamba,Mo,mo-bamba,12,C,7-0,231,"MAY 12, 1998",24.0,4,Texas,1628964,Traded from ORL on 02/09/23
1610612747,2022,00,Scotty Pippen Jr.,Scotty,scotty-pippen-jr,14,G,6-1,170,"NOV 10, 2000",22.0,R,Vanderbilt,1630590,Signed on 07/01/22
1610612747,2022,00,Austin Reaves,Austin,austin-reaves,15,G,6-5,197,"MAY 29, 1998",24.0,1,Oklahoma,1630559,Signed on 08/03/21
1610612747,2022,00,Dennis Schroder,Dennis,dennis-schroder,17,G,6-1,172,"SEP 15, 1993",29.0,9,Braunschweig,203471,Signed on 09/16/22
1610612747,2022,00,Cole Swider,Cole,cole-swider,20,F,6-9,220,"MAY 08, 1999",23.0,R,Syracuse,1631306,Signed on 07/01/22
1610612747,2022,00,Rui Hachimura,Rui,rui-hachimura,28,F,6-8,230,"FEB 08, 1998",25.0,3,Gonzaga,1629060,Traded from WAS on 01/23/23
1610612747,2022,00,Wenyen Gabriel,Wenyen,wenyen-gabriel,35,F,6-9,205,"MAR 26, 1997",25.0,3,Kentucky,1629117,Signed on 03/01/22
1610612748,2022,00,Gabe Vincent,Gabe,gabe-vincent,2,G,6-2,200,"JUN 14, 1996",26.0,3,California-Santa Barbara,1629216,Signed on 01/08/20
1610612748,2022,00,Victor Oladipo,Victor,victor-oladipo,4,G,6-3,213,"MAY 04, 1992",30.0,9,Indiana,203506,Traded from HOU on 03/25/21
1610612748,2022,00,Nikola Jovic,Nikola,nikola-jovic,5,F,6-10,205,"JUN 09, 2003",19.0,R,                                   ,1631107,#27 Pick in 2022 Draft
1610612748,2022,00,Kyle Lowry,Kyle,kyle-lowry,7,G,6-0,196,"MAR 25, 1986",36.0,16,Villanova,200768,Traded from TOR on 08/06/21
1610612748,2022,00,Jamal Cain,Jamal,jamal-cain,8,F,6-6,191,"MAR 20, 1999",23.0,R,Oakland,1631288,Signed on 07/15/22
1610612748,2022,00,Bam Adebayo,Bam,bam-adebayo,13,C-F,6-9,255,"JUL 18, 1997",25.0,5,Kentucky,1628389,#14 Pick in 2017 Draft
1610612748,2022,00,Tyler Herro,Tyler,tyler-herro,14,G,6-5,195,"JAN 20, 2000",23.0,3,Kentucky,1629639,#13 Pick in 2019 Draft
1610612748,2022,00,Caleb Martin,Caleb,caleb-martin,16,F,6-5,205,"SEP 28, 1995",27.0,3,Nevada,1628997,Signed on 09/14/21
1610612748,2022,00,Jimmy Butler,Jimmy,jimmy-butler,22,F,6-7,230,"SEP 14, 1989",33.0,11,Marquette,202710,Traded from PHI on 07/06/19
1610612748,2022,00,Haywood Highsmith,Haywood,haywood-highsmith,24,F,6-5,220,"DEC 09, 1996",26.0,2,Wheeling Jesuit,1629312,Signed on 12/30/21
1610612748,2022,00,Orlando Robinson,Orlando,orlando-robinson,25,C,6-10,235,"JUL 10, 2000",22.0,R,Fresno State,1631115,Signed on 07/06/22
1610612748,2022,00,Max Strus,Max,max-strus,31,G-F,6-5,215,"MAR 28, 1996",26.0,3,DePaul,1629622,Signed on 11/30/20
1610612748,2022,00,Udonis Haslem,Udonis,udonis-haslem,40,F,6-7,235,"JUN 09, 1980",42.0,19,Florida,2617,Signed on 08/01/03
1610612748,2022,00,Duncan Robinson,Duncan,duncan-robinson,55,F,6-7,215,"APR 22, 1994",28.0,4,Michigan,1629130,Signed on 07/10/18
1610612748,2022,00,Omer Yurtseven,Omer,omer-yurtseven,77,C,6-11,275,"JUN 19, 1998",24.0,1,Georgetown,1630209,Signed on 05/14/21
1610612749,2022,00,MarJon Beauchamp,MarJon,marjon-beauchamp,0,F,6-7,199,"OCT 12, 2000",22.0,R,NBA G League Ignite,1630699,#24 Pick in 2022 Draft
1610612749,2022,00,Jevon Carter,Jevon,jevon-carter,5,G,6-1,200,"SEP 14, 1995",27.0,4,West Virginia,1628975,Signed on 02/24/22
1610612749,2022,00,Joe Ingles,Joe,joe-ingles,7,F-G,6-9,220,"OCT 02, 1987",35.0,8,Maccabi Tel Aviv,204060,Signed on 07/07/22
1610612749,2022,00,Bobby Portis,Bobby,bobby-portis,9,F,6-11,250,"FEB 10, 1995",28.0,7,Arkansas,1626171,Signed on 11/24/20
1610612749,2022,00,Brook Lopez,Brook,brook-lopez,11,C,7-1,282,"APR 01, 1988",34.0,14,Stanford,201572,Signed on 07/17/18
1610612749,2022,00,Grayson Allen,Grayson,grayson-allen,12,G,6-4,198,"OCT 08, 1995",27.0,4,Duke,1628960,Traded from MEM on 08/07/21
1610612749,2022,00,AJ Green,AJ,aj-green,20,G,6-5,190,"SEP 27, 1999",23.0,R,Northern Iowa,1631260,Signed on 07/01/22
1610612749,2022,00,Jrue Holiday,Jrue,jrue-holiday,21,G,6-5,205,"JUN 12, 1990",32.0,13,UCLA,201950,Traded from NOP on 11/23/20
1610612749,2022,00,Khris Middleton,Khris,khris-middleton,22,F,6-7,222,"AUG 12, 1991",31.0,10,Texas A&M,203114,Traded from DET on 07/31/13
1610612749,2022,00,Wesley Matthews,Wesley,wesley-matthews,23,G,6-5,220,"OCT 14, 1986",36.0,13,Marquette,202083,Signed on 12/03/21
1610612749,2022,00,Pat Connaughton,Pat,pat-connaughton,24,G,6-5,209,"JAN 06, 1993",30.0,7,Notre Dame,1626192,Signed on 08/01/18
1610612749,2022,00,Giannis Antetokounmpo,Giannis,giannis-antetokounmpo,34,F,7-0,243,"DEC 06, 1994",28.0,9,Filathlitikos,203507,#15 Pick in 2013 Draft
1610612749,2022,00,Thanasis Antetokounmpo,Thanasis,thanasis-antetokounmpo,43,F,6-7,219,"JUL 18, 1992",30.0,4,Panathinaikos,203648,Signed on 07/16/19
1610612749,2022,00,Sandro Mamukelashvili,Sandro,sandro-mamukelashvili,54,F-C,6-10,240,"MAY 23, 1999",23.0,1,Seton Hall,1630572,Draft Rights Traded from IND on 07/30/21
1610612749,2022,00,Jae Crowder,Jae,jae-crowder,99,F,6-6,235,"JUL 06, 1990",32.0,10,Marquette,203109,Traded from PHX on 02/09/23
1610612750,2022,00,Anthony Edwards,Anthony,anthony-edwards,1,G,6-4,225,"AUG 05, 2001",21.0,2,Georgia,1630162,#1 Pick in 2020 Draft
1610612750,2022,00,Jaden McDaniels,Jaden,jaden-mcdaniels,3,F,6-9,185,"SEP 29, 2000",22.0,2,Washington,1630183,Draft Rights Traded from OKC on 11/20/20
1610612750,2022,00,Jaylen Nowell,Jaylen,jaylen-nowell,4,G,6-4,201,"JUL 09, 1999",23.0,3,Washington,1629669,#43 Pick in 2019 Draft
1610612750,2022,00,Kyle Anderson,Kyle,kyle-anderson,5,F-G,6-9,230,"SEP 20, 1993",29.0,8,UCLA,203937,Signed on 07/07/22
1610612750,2022,00,Nickeil Alexander-Walker,Nickeil,nickeil-alexander-walker,6,G,6-5,205,"SEP 02, 1998",24.0,3,Virginia Tech,1629638,Traded from UTA on 02/09/23
1610612750,2022,00,Jordan McLaughlin,Jordan,jordan-mclaughlin,6,G,6-0,185,"APR 09, 1996",26.0,3,Southern California,1629162,Signed on 07/19/19
1610612750,2022,00,Wendell Moore Jr.,Wendell,wendell-moore-jr,7,G,6-5,215,"SEP 18, 2001",21.0,R,Duke,1631111,Draft Rights Traded from HOU on 06/24/22
1610612750,2022,00,Josh Minott,Josh,josh-minott,8,F,6-8,205,"NOV 25, 2002",20.0,R,Memphis,1631169,Draft Rights Traded from CHA on 06/24/22
1610612750,2022,00,Naz Reid,Naz,naz-reid,11,C-F,6-9,264,"AUG 26, 1999",23.0,3,Louisiana State,1629675,Signed on 07/04/19
1610612750,2022,00,Mike Conley,Mike,mike-conley,11,G,6-1,175,"OCT 11, 1987",35.0,15,Ohio State,201144,Traded from UTA on 02/09/23
1610612750,2022,00,Taurean Prince,Taurean,taurean-prince,12,F,6-6,218,"MAR 22, 1994",28.0,6,Baylor,1627752,Traded from CLE on 08/02/21
1610612750,2022,00,Nathan Knight,Nathan,nathan-knight,13,F-C,6-8,253,"SEP 20, 1997",25.0,2,William & Mary,1630233,Signed on 08/04/21
1610612750,2022,00,Austin Rivers,Austin,austin-rivers,25,G,6-4,200,"AUG 01, 1992",30.0,10,Duke,203085,Signed on 07/19/22
1610612750,2022,00,Rudy Gobert,Rudy,rudy-gobert,27,C,7-1,258,"JUN 26, 1992",30.0,9,Cholet,203497,Traded from UTA on 07/06/22
1610612750,2022,00,Karl-Anthony Towns,Karl-Anthony,karl-anthony-towns,32,C-F,7-0,248,"NOV 15, 1995",27.0,7,Kentucky,1626157,#1 Pick in 2015 Draft
1610612750,2022,00,Matt Ryan,Matt,matt-ryan,37,F,6-6,215,"APR 17, 1997",25.0,1,Tennessee-Chattanooga,1630346,Signed on 12/07/22
1610612750,2022,00,Luka Garza,Luka,luka-garza,55,C,6-10,243,"DEC 27, 1998",24.0,1,Iowa,1630568,Signed on 08/22/22
1610612751,2022,00,Royce O'Neale,Royce,royce-oneale,00,F,6-6,226,"JUN 05, 1993",29.0,5,Baylor,1626220,Traded from UTA on 06/30/22
1610612751,2022,00,Mikal Bridges,Mikal,mikal-bridges,1,F,6-6,209,"AUG 30, 1996",26.0,4,Villanova,1628969,Traded from PHX on 02/09/23
1610612751,2022,00,Cameron Johnson,Cameron,cameron-johnson,2,F,6-8,210,"MAR 03, 1996",26.0,3,North Carolina,1629661,Traded from PHX on 02/09/23
1610612751,2022,00,Edmond Sumner,Edmond,edmond-sumner,4,G,6-4,196,"DEC 31, 1995",27.0,4,Xavier,1628410,Traded from IND on 10/06/21
1610612751,2022,00,David Duke Jr.,David,david-duke-jr,6,G,6-4,204,"OCT 13, 1999",23.0,1,Providence,1630561,Signed on 08/08/21
1610612751,2022,00,Patty Mills,Patty,patty-mills,8,G,6-0,180,"AUG 11, 1988",34.0,13,St. Mary's,201988,Signed on 08/10/21
1610612751,2022,00,Dru Smith,Dru,dru-smith,9,G,6-3,203,"DEC 30, 1997",25.0,R,Missouri,1630696,Signed on 01/13/23
1610612751,2022,00,Ben Simmons,Ben,ben-simmons,10,G-F,6-10,240,"JUL 20, 1996",26.0,4,Louisiana State,1627732,Traded from PHI on 02/10/22
1610612751,2022,00,Joe Harris,Joe,joe-harris,12,G-F,6-6,220,"SEP 06, 1991",31.0,8,Virginia,203925,Signed on 07/19/16
1610612751,2022,00,Yuta Watanabe,Yuta,yuta-watanabe,18,G-F,6-8,215,"OCT 13, 1994",28.0,4,George Washington,1629139,Signed on 08/28/22
1610612751,2022,00,Day'Ron Sharpe,Day'Ron,dayron-sharpe,20,C,6-9,265,"NOV 06, 2001",21.0,1,North Carolina,1630549,Draft Rights Traded from PHX on 08/06/21
1610612751,2022,00,Cam Thomas,Cam,cam-thomas,24,G,6-3,210,"OCT 13, 2001",21.0,1,Louisiana State,1630560,#27 Pick in 2021 Draft
1610612751,2022,00,Spencer Dinwiddie,Spencer,spencer-dinwiddie,26,G,6-5,215,"APR 06, 1993",29.0,8,Colorado,203915,Traded from DAL on 02/06/23
1610612751,2022,00,Dorian Finney-Smith,Dorian,dorian-finney-smith,28,F,6-7,220,"MAY 04, 1993",29.0,6,Florida,1627827,Traded from DAL on 02/06/23
1610612751,2022,00,Seth Curry,Seth,seth-curry,30,G,6-1,185,"AUG 23, 1990",32.0,8,Duke,203552,Traded from PHI on 02/10/22
1610612751,2022,00,Nic Claxton,Nic,nic-claxton,33,C,6-11,215,"APR 17, 1999",23.0,3,Georgia,1629651,#31 Pick in 2019 Draft
1610612752,2022,00,Obi Toppin,Obi,obi-toppin,1,F,6-9,220,"MAR 04, 1998",24.0,2,Dayton,1630167,#8 Pick in 2020 Draft
1610612752,2022,00,Miles McBride,Miles,miles-mcbride,2,G,6-2,195,"SEP 08, 2000",22.0,1,West Virginia,1630540,Draft Rights Traded from OKC on 07/30/21
1610612752,2022,00,Trevor Keels,Trevor,trevor-keels,3,G,6-4,221,"AUG 26, 2003",19.0,R,Duke,1631211,#42 Pick in 2022 Draft
1610612752,2022,00,Josh Hart,Josh,josh-hart,3,G,6-4,215,"MAR 06, 1995",27.0,5,Villanova,1628404,Traded from POR on 02/09/23
1610612752,2022,00,Derrick Rose,Derrick,derrick-rose,4,G,6-3,200,"OCT 04, 1988",34.0,13,Memphis,201565,Traded from DET on 02/08/21
1610612752,2022,00,Immanuel Quickley,Immanuel,immanuel-quickley,5,G,6-2,190,"JUN 17, 1999",23.0,2,Kentucky,1630193,Draft Rights Traded from OKC on 11/20/20
1610612752,2022,00,Quentin Grimes,Quentin,quentin-grimes,6,G,6-5,210,"MAY 08, 2000",22.0,1,Houston,1629656,Draft Rights Traded from LAC on 07/30/21
1610612752,2022,00,DaQuan Jeffries,DaQuan,daquan-jeffries,8,G-F,6-5,222,"AUG 30, 1997",25.0,3,Tulsa,1629610,Signed on 09/14/22
1610612752,2022,00,RJ Barrett,RJ,rj-barrett,9,F-G,6-6,214,"JUN 14, 2000",22.0,3,Duke,1629628,#3 Pick in 2019 Draft
1610612752,2022,00,Jalen Brunson,Jalen,jalen-brunson,11,G,6-2,190,"AUG 31, 1996",26.0,4,Villanova,1628973,Signed on 07/12/22
1610612752,2022,00,Evan Fournier,Evan,evan-fournier,13,G-F,6-6,205,"OCT 29, 1992",30.0,10,Poitiers Basket 86,203095,Traded from BOS on 08/17/21
1610612752,2022,00,Mitchell Robinson,Mitchell,mitchell-robinson,23,C-F,7-0,240,"APR 01, 1998",24.0,4,Western Kentucky,1629011,#36 Pick in 2018 Draft
1610612752,2022,00,Julius Randle,Julius,julius-randle,30,F-C,6-8,250,"NOV 29, 1994",28.0,8,Kentucky,203944,Signed on 07/08/19
1610612752,2022,00,Jericho Sims,Jericho,jericho-sims,45,C,6-10,250,"OCT 20, 1998",24.0,1,Texas,1630579,#58 Pick in 2021 Draft
1610612752,2022,00,Isaiah Hartenstein,Isaiah,isaiah-hartenstein,55,C-F,7-0,250,"MAY 05, 1998",24.0,4,Zalgiris,1628392,Signed on 07/12/22
1610612753,2022,00,Jonathan Isaac,Jonathan,jonathan-isaac,1,F,6-10,230,"OCT 03, 1997",25.0,3,Florida State,1628371,#6 Pick in 2017 Draft
1610612753,2022,00,Caleb Houstan,Caleb,caleb-houstan,2,G,6-8,205,"JAN 09, 2003",20.0,R,Michigan,1631216,#32 Pick in 2022 Draft
1610612753,2022,00,Chuma Okeke,Chuma,chuma-okeke,3,F,6-8,229,"AUG 18, 1998",24.0,2,Auburn,1629643,#16 Pick in 2019 Draft
1610612753,2022,00,Jalen Suggs,Jalen,jalen-suggs,4,G,6-5,205,"JUN 03, 2001",21.0,1,Gonzaga,1630591,#5 Pick in 2021 Draft
1610612753,2022,00,Paolo Banchero,Paolo,paolo-banchero,5,F,6-10,250,"NOV 12, 2002",20.0,R,Duke,1631094,#1 Pick in 2022 Draft
1610612753,2022,00,Kevon Harris,Kevon,kevon-harris,7,G,6-6,216,"JUN 24, 1997",25.0,R,Stephen F. Austin,1630284,Signed on 07/25/22
1610612753,2022,00,Bol Bol,Bol,bol-bol,10,C-F,7-2,220,"NOV 16, 1999",23.0,3,Oregon,1629626,Traded from BOS on 02/10/22
1610612753,2022,00,R.J. Hampton,R.J.,rj-hampton,13,G,6-4,175,"FEB 07, 2001",22.0,2,New Zealand Breakers,1630181,Traded from DEN on 03/25/21
1610612753,2022,00,Gary Harris,Gary,gary-harris,14,G,6-4,210,"SEP 14, 1994",28.0,8,Michigan State,203914,Traded from DEN on 03/25/21
1610612753,2022,00,Markelle Fultz,Markelle,markelle-fultz,20,G,6-4,209,"MAY 29, 1998",24.0,5,Washington,1628365,Traded from PHI on 02/07/19
1610612753,2022,00,Moritz Wagner,Moritz,moritz-wagner,21,F-C,6-11,245,"APR 26, 1997",25.0,4,Michigan,1629021,Signed on 04/27/21
1610612753,2022,00,Franz Wagner,Franz,franz-wagner,22,F,6-10,220,"AUG 27, 2001",21.0,1,Michigan,1630532,#8 Pick in 2021 Draft
1610612753,2022,00,Admiral Schofield,Admiral,admiral-schofield,25,F,6-5,241,"MAR 30, 1997",25.0,2,Tennessee,1629678,Signed on 09/21/21
1610612753,2022,00,Wendell Carter Jr.,Wendell,wendell-carter-jr,34,C-F,6-10,270,"APR 16, 1999",23.0,4,Duke,1628976,Traded from CHI on 03/25/21
1610612753,2022,00,Cole Anthony,Cole,cole-anthony,50,G,6-3,185,"MAY 15, 2000",22.0,2,North Carolina,1630175,#15 Pick in 2020 Draft
1610612753,2022,00,Goga Bitadze,Goga,goga-bitadze,88,C-F,6-11,250,"JUL 20, 1999",23.0,3,Mega Basket,1629048,Signed on 02/13/23
1610612754,2022,00,Tyrese Haliburton,Tyrese,tyrese-haliburton,0,G,6-5,185,"FEB 29, 2000",22.0,2,Iowa State,1630169,Traded from SAC on 02/08/22
1610612754,2022,00,Bennedict Mathurin,Bennedict,bennedict-mathurin,00,G-F,6-5,210,"JUN 19, 2002",20.0,R,Arizona,1631097,#6 Pick in 2022 Draft
1610612754,2022,00,Andrew Nembhard,Andrew,andrew-nembhard,2,G-F,6-3,191,"JAN 16, 2000",23.0,R,Gonzaga,1629614,#31 Pick in 2022 Draft
1610612754,2022,00,Chris Duarte,Chris,chris-duarte,3,G,6-5,190,"JUN 13, 1997",25.0,1,Oregon,1630537,#13 Pick in 2021 Draft
1610612754,2022,00,George Hill,George,george-hill,7,G,6-4,188,"MAY 04, 1986",36.0,14,Indiana-Purdue Indianapolis,201588,Traded from MIL on 02/09/23
1610612754,2022,00,Trevelin Queen,Trevelin,trevelin-queen,8,G,6-6,190,"FEB 25, 1997",25.0,1,New Mexico State,1630243,Signed on 10/11/22
1610612754,2022,00,T.J. McConnell,T.J.,tj-mcconnell,9,G,6-1,190,"MAR 25, 1992",30.0,7,Arizona,204456,Signed on 07/29/19
1610612754,2022,00,Kendall Brown,Kendall,kendall-brown,10,G,6-7,205,"MAY 11, 2003",19.0,R,Baylor,1631112,Draft Rights Traded from MIN on 06/24/22
1610612754,2022,00,Oshae Brissett,Oshae,oshae-brissett,12,F-G,6-7,210,"JUN 20, 1998",24.0,3,Syracuse,1629052,Signed on 04/01/21
1610612754,2022,00,Jordan Nwora,Jordan,jordan-nwora,13,F,6-9,225,"SEP 09, 1998",24.0,2,Louisville,1629670,Traded from MIL on 02/09/23
1610612754,2022,00,James Johnson,James,james-johnson,16,F,6-7,240,"FEB 20, 1987",35.0,13,Wake Forest,201949,Signed on 09/15/22
1610612754,2022,00,Isaiah Jackson,Isaiah,isaiah-jackson,22,F,6-9,205,"JAN 10, 2002",21.0,1,Kentucky,1630543,Draft Rights Traded from LAL on 08/06/21
1610612754,2022,00,Aaron Nesmith,Aaron,aaron-nesmith,23,G-F,6-5,215,"OCT 16, 1999",23.0,2,Vanderbilt,1630174,Traded from BOS on 07/09/22
1610612754,2022,00,Buddy Hield,Buddy,buddy-hield,24,G,6-4,220,"DEC 17, 1992",30.0,6,Oklahoma,1627741,Traded from SAC on 02/08/22
1610612754,2022,00,Jalen Smith,Jalen,jalen-smith,25,F-C,6-9,215,"MAR 16, 2000",22.0,2,Maryland,1630188,Traded from PHX on 02/10/22
1610612754,2022,00,Daniel Theis,Daniel,daniel-theis,27,F-C,6-8,245,"APR 04, 1992",30.0,5,Brose Bamberg,1628464,Traded from BOS on 07/09/22
1610612754,2022,00,Myles Turner,Myles,myles-turner,33,C-F,6-11,250,"MAR 24, 1996",26.0,7,Texas,1626167,#11 Pick in 2015 Draft
1610612755,2022,00,Tyrese Maxey,Tyrese,tyrese-maxey,0,G,6-2,200,"NOV 04, 2000",22.0,2,Kentucky,1630178,#21 Pick in 2020 Draft
1610612755,2022,00,James Harden,James,james-harden,1,G,6-5,220,"AUG 26, 1989",33.0,13,Arizona State,201935,Traded from BKN on 02/10/22
1610612755,2022,00,Montrezl Harrell,Montrezl,montrezl-harrell,5,F-C,6-7,240,"JAN 26, 1994",29.0,7,Louisville,1626149,Signed on 09/13/22
1610612755,2022,00,Jalen McDaniels,Jalen,jalen-mcdaniels,7,F-C,6-9,205,"JAN 31, 1998",25.0,3,San Diego State,1629667,Traded from CHA on 02/09/23
1610612755,2022,00,De'Anthony Melton,De'Anthony,deanthony-melton,8,G,6-2,200,"MAY 28, 1998",24.0,4,Southern California,1629001,Traded from MEM on 06/24/22
1610612755,2022,00,Mac McClung,Mac,mac-mcclung,9,G,6-2,185,"JAN 06, 1999",24.0,1,Texas Tech,1630644,Signed on 10/10/22
1610612755,2022,00,Jaden Springer,Jaden,jaden-springer,11,G,6-4,202,"SEP 25, 2002",20.0,1,Tennessee,1630531,#28 Pick in 2021 Draft
1610612755,2022,00,Tobias Harris,Tobias,tobias-harris,12,F,6-7,226,"JUL 15, 1992",30.0,11,Tennessee,202699,Traded from LAC on 02/06/19
1610612755,2022,00,Dewayne Dedmon,Dewayne,dewayne-dedmon,14,C,6-10,245,"AUG 12, 1989",33.0,9,Southern California,203473,Signed on 02/14/23
1610612755,2022,00,P.J. Tucker,P.J.,pj-tucker,17,F,6-5,245,"MAY 05, 1985",37.0,11,Texas,200782,Signed on 07/06/22
1610612755,2022,00,Shake Milton,Shake,shake-milton,18,G-F,6-5,205,"SEP 26, 1996",26.0,4,Southern Methodist,1629003,Draft Rights Traded from DAL on 06/22/18
1610612755,2022,00,Georges Niang,Georges,georges-niang,20,F,6-7,230,"JUN 17, 1993",29.0,6,Iowa State,1627777,Signed on 08/06/21
1610612755,2022,00,Joel Embiid,Joel,joel-embiid,21,C-F,7-0,280,"MAR 16, 1994",28.0,6,Kansas,203954,#3 Pick in 2014 Draft
1610612755,2022,00,Louis King,Louis,louis-king,23,F,6-7,205,"APR 06, 1999",23.0,3,Oregon,1629663,Signed on 12/26/22
1610612755,2022,00,Danuel House Jr.,Danuel,danuel-house-jr,25,F-G,6-6,220,"JUN 07, 1993",29.0,6,Texas A&M,1627863,Signed on 07/06/22
1610612755,2022,00,Furkan Korkmaz,Furkan,furkan-korkmaz,30,G-F,6-7,202,"JUL 24, 1997",25.0,5,Anadolu Efes,1627788,#26 Pick in 2016 Draft
1610612755,2022,00,Paul Reed,Paul,paul-reed,44,F,6-9,210,"JUN 14, 1999",23.0,2,DePaul,1630194,#58 Pick in 2020 Draft
1610612756,2022,00,Torrey Craig,Torrey,torrey-craig,0,F,6-7,221,"DEC 19, 1990",32.0,5,South Carolina Upstate,1628470,Traded from IND on 02/10/22
1610612756,2022,00,Devin Booker,Devin,devin-booker,1,G,6-5,206,"OCT 30, 1996",26.0,7,Kentucky,1626164,#13 Pick in 2015 Draft
1610612756,2022,00,Josh Okogie,Josh,josh-okogie,2,G,6-4,213,"SEP 01, 1998",24.0,4,Georgia Tech,1629006,Signed on 07/02/22
1610612756,2022,00,Chris Paul,Chris,chris-paul,3,G,6-0,175,"MAY 06, 1985",37.0,17,Wake Forest,101108,Traded from OKC on 11/16/20
1610612756,2022,00,Terrence Ross,Terrence,terrence-ross,8,G-F,6-7,206,"FEB 05, 1991",32.0,10,Washington,203082,Signed on 02/14/23
1610612756,2022,00,Damion Lee,Damion,damion-lee,10,G-F,6-5,210,"OCT 21, 1992",30.0,5,Drexel,1627814,Signed on 07/01/22
1610612756,2022,00,Jock Landale,Jock,jock-landale,11,C,6-11,255,"OCT 25, 1995",27.0,1,St. Mary's,1629111,Traded from ATL on 07/06/22
1610612756,2022,00,Ish Wainright,Ish,ish-wainright,12,F,6-5,250,"SEP 12, 1994",28.0,1,Baylor,1630688,Signed on 10/21/21
1610612756,2022,00,Landry Shamet,Landry,landry-shamet,14,G,6-4,190,"MAR 13, 1997",25.0,4,Wichita State,1629013,Traded from BKN on 08/06/21
1610612756,2022,00,Cameron Payne,Cameron,cameron-payne,15,G,6-1,183,"AUG 08, 1994",28.0,7,Murray State,1626166,Signed on 06/30/20
1610612756,2022,00,Bismack Biyombo,Bismack,bismack-biyombo,18,C,6-8,255,"AUG 28, 1992",30.0,11,Baloncesto Fuenlabrada,202687,Signed on 01/01/22
1610612756,2022,00,T.J. Warren,T.J.,tj-warren,21,F,6-8,220,"SEP 05, 1993",29.0,7,North Carolina State,203933,Traded from BKN on 02/09/23
1610612756,2022,00,Deandre Ayton,Deandre,deandre-ayton,22,C,7-0,250,"JUL 23, 1998",24.0,4,Arizona,1629028,#1 Pick in 2018 Draft
1610612756,2022,00,Kevin Durant,Kevin,kevin-durant,35,F,6-10,240,"SEP 29, 1988",34.0,14,Texas,201142,Traded from BKN on 02/09/23
1610612756,2022,00,Saben Lee,Saben,saben-lee,38,G,6-2,183,"JUN 23, 1999",23.0,2,Vanderbilt,1630240,Signed on 01/11/23
1610612756,2022,00,Darius Bazley,Darius,darius-bazley,55,F,6-9,216,"JUN 12, 2000",22.0,3,Princeton HS (OH),1629647,Traded from OKC on 02/09/23
1610612757,2022,00,Damian Lillard,Damian,damian-lillard,0,G,6-2,195,"JUL 15, 1990",32.0,10,Weber State,203081,#6 Pick in 2012 Draft
1610612757,2022,00,Anfernee Simons,Anfernee,anfernee-simons,1,G,6-3,181,"JUN 08, 1999",23.0,4,Edgewater HS (FL),1629014,#24 Pick in 2018 Draft
1610612757,2022,00,Trendon Watford,Trendon,trendon-watford,2,F,6-8,237,"NOV 09, 2000",22.0,1,Louisiana State,1630570,Signed on 08/03/21
1610612757,2022,00,Matisse Thybulle,Matisse,matisse-thybulle,4,G-F,6-5,201,"MAR 04, 1997",25.0,3,Washington,1629680,Traded from PHI on 02/09/23
1610612757,2022,00,Cam Reddish,Cam,cam-reddish,5,F-G,6-7,217,"SEP 01, 1999",23.0,3,Duke,1629629,Traded from NYK on 02/09/23
1610612757,2022,00,Keon Johnson,Keon,keon-johnson,6,G,6-3,185,"MAR 10, 2002",20.0,1,Tennessee,1630553,Traded from LAC on 02/04/22
1610612757,2022,00,Jerami Grant,Jerami,jerami-grant,9,F,6-8,210,"MAR 12, 1994",28.0,8,Syracuse,203924,Traded from DET on 07/06/22
1610612757,2022,00,Nassir Little,Nassir,nassir-little,10,F-G,6-5,220,"FEB 11, 2000",23.0,3,North Carolina,1629642,#25 Pick in 2019 Draft
1610612757,2022,00,Kevin Knox II,Kevin,kevin-knox-ii,11,F,6-7,215,"AUG 11, 1999",23.0,4,Kentucky,1628995,Traded from DET on 02/09/23
1610612757,2022,00,Shaedon Sharpe,Shaedon,shaedon-sharpe,17,G,6-5,200,"MAY 30, 2003",19.0,R,Kentucky,1631101,#7 Pick in 2022 Draft
1610612757,2022,00,John Butler Jr.,John,john-butler-jr,21,F,7-0,190,"DEC 04, 2002",20.0,R,Florida State,1631219,Signed on 10/20/22
1610612757,2022,00,Drew Eubanks,Drew,drew-eubanks,24,F-C,6-10,245,"FEB 01, 1997",26.0,4,Oregon State,1629234,Signed on 02/22/22
1610612757,2022,00,Justise Winslow,Justise,justise-winslow,26,F-G,6-6,222,"MAR 26, 1996",26.0,7,Duke,1626159,Traded from LAC on 02/04/22
1610612757,2022,00,Jusuf Nurkic,Jusuf,jusuf-nurkic,27,C,7-0,290,"AUG 23, 1994",28.0,8,Cedevita,203994,Traded from DEN on 02/13/17
1610612757,2022,00,Jabari Walker,Jabari,jabari-walker,34,F,6-7,200,"JUL 30, 2002",20.0,R,Colorado,1631133,#57 Pick in 2022 Draft
1610612757,2022,00,Ibou Badji,Ibou,ibou-badji,41,C,7-1,240,"OCT 13, 2002",20.0,R,FC Barcelona,1630641,Signed on 11/18/22
1610612757,2022,00,Ryan Arcidiacono,Ryan,ryan-arcidiacono,51,G,6-3,195,"MAR 26, 1994",28.0,5,Villanova,1627853,Traded from NYK on 02/09/23
1610612758,2022,00,Malik Monk,Malik,malik-monk,0,G,6-3,200,"FEB 04, 1998",25.0,5,Kentucky,1628370,Signed on 07/06/22
1610612758,2022,00,Terence Davis,Terence,terence-davis,3,G,6-4,201,"MAY 16, 1997",25.0,3,Mississippi,1629056,Traded from TOR on 03/25/21
1610612758,2022,00,De'Aaron Fox,De'Aaron,deaaron-fox,5,G,6-3,185,"DEC 20, 1997",25.0,5,Kentucky,1628368,#5 Pick in 2017 Draft
1610612758,2022,00,Chimezie Metu,Chimezie,chimezie-metu,7,F-C,6-9,225,"MAR 22, 1997",25.0,4,Southern California,1629002,Signed on 11/27/20
1610612758,2022,00,Matthew Dellavedova,Matthew,matthew-dellavedova,8,G,6-3,200,"SEP 08, 1990",32.0,8,St. Mary's,203521,Signed on 07/29/22
1610612758,2022,00,Kevin Huerter,Kevin,kevin-huerter,9,G-F,6-7,198,"AUG 27, 1998",24.0,4,Maryland,1628989,Traded from ATL on 07/06/22
1610612758,2022,00,Domantas Sabonis,Domantas,domantas-sabonis,10,F-C,7-1,240,"MAY 03, 1996",26.0,6,Gonzaga,1627734,Traded from IND on 02/08/22
1610612758,2022,00,Keegan Murray,Keegan,keegan-murray,13,F,6-8,225,"AUG 19, 2000",22.0,R,Iowa,1631099,#4 Pick in 2022 Draft
1610612758,2022,00,Kessler Edwards,Kessler,kessler-edwards,14,F,6-7,203,"AUG 09, 2000",22.0,1,Pepperdine,1630556,Traded from BKN on 02/07/23
1610612758,2022,00,Davion Mitchell,Davion,davion-mitchell,15,G,6-0,202,"SEP 05, 1998",24.0,1,Baylor,1630558,#9 Pick in 2021 Draft
1610612758,2022,00,Richaun Holmes,Richaun,richaun-holmes,22,F,6-8,235,"OCT 15, 1993",29.0,7,Bowling Green,1626158,Signed on 07/16/19
1610612758,2022,00,Keon Ellis,Keon,keon-ellis,23,G,6-3,175,"JAN 08, 2000",23.0,R,Alabama,1631165,Signed on 07/02/22
1610612758,2022,00,Alex Len,Alex,alex-len,25,C,7-2,250,"JUN 16, 1993",29.0,9,Maryland,203458,Signed on 08/13/21
1610612758,2022,00,KZ Okpala,KZ,kz-okpala,30,F-G,6-8,215,"APR 28, 1999",23.0,3,Stanford,1629644,Signed on 09/14/22
1610612758,2022,00,Harrison Barnes,Harrison,harrison-barnes,40,F,6-8,225,"MAY 30, 1992",30.0,10,North Carolina,203084,Traded from DAL on 02/07/19
1610612758,2022,00,Trey Lyles,Trey,trey-lyles,41,F,6-9,234,"NOV 05, 1995",27.0,7,Kentucky,1626168,Traded from DET on 02/10/22
1610612758,2022,00,Neemias Queta,Neemias,neemias-queta,88,C,7-0,248,"JUL 13, 1999",23.0,1,Utah State,1629674,#39 Pick in 2021 Draft
1610612759,2022,00,Keldon Johnson,Keldon,keldon-johnson,3,F-G,6-5,220,"OCT 11, 1999",23.0,3,Kentucky,1629640,#29 Pick in 2019 Draft
1610612759,2022,00,Devonte' Graham,Devonte',devonte-graham,4,G,6-1,195,"FEB 22, 1995",27.0,4,Kansas,1628984,Traded from NOP on 02/09/23
1610612759,2022,00,Jeremy Sochan,Jeremy,jeremy-sochan,10,F,6-8,230,"MAY 20, 2003",19.0,R,Baylor,1631110,#9 Pick in 2022 Draft
1610612759,2022,00,Blake Wesley,Blake,blake-wesley,14,G,6-4,185,"MAR 16, 2003",19.0,R,Notre Dame,1631104,#25 Pick in 2022 Draft
1610612759,2022,00,Doug McDermott,Doug,doug-mcdermott,17,F,6-6,225,"JAN 03, 1992",31.0,8,Creighton,203926,Traded from IND on 08/07/21
1610612759,2022,00,Isaiah Roby,Isaiah,isaiah-roby,18,F,6-8,230,"FEB 03, 1998",25.0,3,Nebraska,1629676,Awarded on Waivers on 07/05/22
1610612759,2022,00,Malaki Branham,Malaki,malaki-branham,22,F,6-4,180,"MAY 12, 2003",19.0,R,Ohio State,1631103,#20 Pick in 2022 Draft
1610612759,2022,00,Zach Collins,Zach,zach-collins,23,F-C,6-11,250,"NOV 19, 1997",25.0,4,Gonzaga,1628380,Signed on 08/11/21
1610612759,2022,00,Khem Birch,Khem,khem-birch,24,C,6-8,233,"SEP 28, 1992",30.0,5,UNLV,203920,Traded from TOR on 02/09/23
1610612759,2022,00,Devin Vassell,Devin,devin-vassell,24,G-F,6-5,200,"AUG 23, 2000",22.0,2,Florida State,1630170,#11 Pick in 2020 Draft
1610612759,2022,00,Dominick Barlow,Dominick,dominick-barlow,26,F,6-9,215,"MAY 26, 2003",19.0,R,                                   ,1631230,Signed on 07/10/22
1610612759,2022,00,Charles Bassey,Charles,charles-bassey,28,C-F,6-9,230,"OCT 28, 2000",22.0,1,Western Kentucky,1629646,Signed on 10/24/22
1610612759,2022,00,Keita Bates-Diop,Keita,keita-bates-diop,31,F,6-8,229,"JAN 23, 1996",27.0,4,Ohio State,1628966,Signed on 11/29/20
1610612759,2022,00,Tre Jones,Tre,tre-jones,33,G,6-1,185,"JAN 08, 2000",23.0,2,Duke,1630200,#41 Pick in 2020 Draft
1610612759,2022,00,Romeo Langford,Romeo,romeo-langford,35,G-F,6-5,216,"OCT 25, 1999",23.0,3,Indiana,1629641,Traded from BOS on 02/10/22
1610612759,2022,00,Gorgui Dieng,Gorgui,gorgui-dieng,41,C,6-10,248,"JAN 18, 1990",33.0,9,Louisville,203476,Signed on 08/09/22
1610612759,2022,00,Julian Champagnie,Julian,julian-champagnie,55,F,6-7,217,"JUN 29, 2001",21.0,R,St. John's,1630577,
1610612760,2022,00,Shai Gilgeous-Alexander,Shai,shai-gilgeous-alexander,2,G,6-6,195,"JUL 12, 1998",24.0,4,Kentucky,1628983,Traded from LAC on 07/10/19
1610612760,2022,00,Josh Giddey,Josh,josh-giddey,3,G,6-8,216,"OCT 10, 2002",20.0,1,NBA Global Academy,1630581,#6 Pick in 2021 Draft
1610612760,2022,00,Luguentz Dort,Luguentz,luguentz-dort,5,G,6-4,220,"APR 19, 1999",23.0,3,Arizona State,1629652,Signed on 07/06/19
1610612760,2022,00,Jaylin Williams,Jaylin,jaylin-williams,6,F,6-9,240,"JUN 29, 2002",20.0,R,Arkansas,1631119,#34 Pick in 2022 Draft
1610612760,2022,00,Chet Holmgren,Chet,chet-holmgren,7,C-F,7-1,195,"MAY 01, 2002",20.0,R,Gonzaga,1631096,#2 Pick in 2022 Draft
1610612760,2022,00,Jalen Williams,Jalen,jalen-williams,8,G-F,6-5,211,"APR 14, 2001",21.0,R,Santa Clara,1631114,#12 Pick in 2022 Draft
1610612760,2022,00,Dario Saric,Dario,dario-saric,9,F-C,6-10,225,"APR 08, 1994",28.0,5,Anadolu Efes,203967,Traded from PHX on 02/09/23
1610612760,2022,00,Isaiah Joe,Isaiah,isaiah-joe,11,G,6-3,165,"JUL 02, 1999",23.0,2,Arkansas,1630198,Signed on 10/16/22
1610612760,2022,00,Lindy Waters III,Lindy,lindy-waters-iii,12,F,6-6,210,"JUL 28, 1997",25.0,1,Oklahoma State,1630322,Signed on 02/10/22
1610612760,2022,00,Ousmane Dieng,Ousmane,ousmane-dieng,13,F,6-9,185,"MAY 21, 2003",19.0,R,New Zealand Breakers,1631172,Draft Rights Traded from NYK on 06/23/22
1610612760,2022,00,Aleksej Pokusevski,Aleksej,aleksej-pokusevski,17,F,7-0,210,"DEC 26, 2001",21.0,2,Olympiacos,1630197,Draft Rights Traded from MIN on 11/20/20
1610612760,2022,00,Aaron Wiggins,Aaron,aaron-wiggins,21,G,6-5,190,"JAN 02, 1999",24.0,1,Maryland,1630598,#55 Pick in 2021 Draft
1610612760,2022,00,Tre Mann,Tre,tre-mann,23,G,6-3,178,"FEB 03, 2001",22.0,1,Florida,1630544,#18 Pick in 2021 Draft
1610612760,2022,00,Olivier Sarr,Olivier,olivier-sarr,30,C,6-11,240,"FEB 20, 1999",23.0,1,Kentucky,1630846,Signed on 02/11/23
1610612760,2022,00,Kenrich Williams,Kenrich,kenrich-williams,34,G-F,6-6,210,"DEC 02, 1994",28.0,4,TCU,1629026,Traded from NOP on 11/23/20
1610612760,2022,00,Jeremiah Robinson-Earl,Jeremiah,jeremiah-robinson-earl,50,F,6-8,240,"NOV 03, 2000",22.0,1,Villanova,1630526,Draft Rights Traded from NYK on 07/30/21
1610612760,2022,00,Eugene Omoruyi,Eugene,eugene-omoruyi,97,F,6-6,235,"FEB 14, 1997",26.0,1,Oregon,1630647,Signed on 07/02/22
1610612761,2022,00,O.G. Anunoby,O.G.,og-anunoby,3,F,6-7,232,"JUL 17, 1997",25.0,5,Indiana,1628384,#23 Pick in 2017 Draft
1610612761,2022,00,Scottie Barnes,Scottie,scottie-barnes,4,F,6-8,225,"AUG 01, 2001",21.0,1,Florida State,1630567,#4 Pick in 2021 Draft
1610612761,2022,00,Precious Achiuwa,Precious,precious-achiuwa,5,F,6-8,225,"SEP 19, 1999",23.0,2,Memphis,1630173,Traded from MIA on 08/06/21
1610612761,2022,00,Ron Harper Jr.,Ron,ron-harper-jr,8,F,6-5,245,"APR 12, 2000",22.0,R,Rutgers,1631199,Signed on 07/13/22
1610612761,2022,00,Joe Wieskamp,Joe,joe-wieskamp,11,G-F,6-6,205,"AUG 23, 1999",23.0,1,Iowa,1630580,Signed on 01/07/23
1610612761,2022,00,Jakob Poeltl,Jakob,jakob-poeltl,19,C,7-1,245,"OCT 15, 1995",27.0,6,Utah,1627751,Traded from SAS on 02/09/23
1610612761,2022,00,Jeff Dowtin Jr.,Jeff,jeff-dowtin-jr,20,G,6-3,177,"MAY 10, 1997",25.0,1,Rhode Island,1630288,Signed on 07/19/22
1610612761,2022,00,Thaddeus Young,Thaddeus,thaddeus-young,21,F,6-8,235,"JUN 21, 1988",34.0,15,Georgia Tech,201152,Traded from SAS on 02/10/22
1610612761,2022,00,Malachi Flynn,Malachi,malachi-flynn,22,G,6-1,175,"MAY 09, 1998",24.0,2,San Diego State,1630201,#29 Pick in 2020 Draft
1610612761,2022,00,Fred VanVleet,Fred,fred-vanvleet,23,G,6-0,197,"FEB 25, 1994",28.0,6,Wichita State,1627832,Signed on 07/16/16
1610612761,2022,00,Chris Boucher,Chris,chris-boucher,25,F-C,6-9,200,"JAN 11, 1993",30.0,5,Oregon,1628449,Signed on 07/20/18
1610612761,2022,00,Otto Porter Jr.,Otto,otto-porter-jr,32,F,6-8,198,"JUN 03, 1993",29.0,9,Georgetown,203490,Signed on 07/06/22
1610612761,2022,00,Gary Trent Jr.,Gary,gary-trent-jr,33,G-F,6-5,209,"JAN 18, 1999",24.0,4,Duke,1629018,Traded from POR on 03/25/21
1610612761,2022,00,Christian Koloko,Christian,christian-koloko,35,C,7-0,230,"JUN 20, 2000",22.0,R,Arizona,1631132,#33 Pick in 2022 Draft
1610612761,2022,00,Juancho Hernangomez,Juancho,juancho-hernangomez,41,F,6-9,214,"SEP 28, 1995",27.0,6,Estudiantes,1627823,Signed on 07/27/22
1610612761,2022,00,Pascal Siakam,Pascal,pascal-siakam,43,F,6-8,230,"APR 02, 1994",28.0,6,New Mexico State,1627783,#27 Pick in 2016 Draft
1610612761,2022,00,Dalano Banton,Dalano,dalano-banton,45,F,6-7,204,"NOV 07, 1999",23.0,1,Nebraska,1630625,#46 Pick in 2021 Draft
1610612762,2022,00,Russell Westbrook,Russell,russell-westbrook,0,G,6-3,200,"NOV 12, 1988",34.0,14,UCLA,201566,Traded from LAL on 02/09/23
1610612762,2022,00,Talen Horton-Tucker,Talen,talen-horton-tucker,0,G,6-4,234,"NOV 25, 2000",22.0,3,Iowa State,1629659,Traded from LAL on 08/25/22
1610612762,2022,00,Jordan Clarkson,Jordan,jordan-clarkson,00,G,6-5,194,"JUN 07, 1992",30.0,8,Missouri,203903,Traded from CLE on 12/23/19
1610612762,2022,00,Collin Sexton,Collin,collin-sexton,2,G,6-2,190,"JAN 04, 1999",24.0,4,Alabama,1629012,Traded from CLE on 09/03/22
1610612762,2022,00,Simone Fontecchio,Simone,simone-fontecchio,16,F,6-7,209,"DEC 09, 1995",27.0,R,Baskonia,1631323,Signed on 07/27/22
1610612762,2022,00,Udoka Azubuike,Udoka,udoka-azubuike,20,C-F,6-11,270,"SEP 17, 1999",23.0,2,Kansas,1628962,#27 Pick in 2020 Draft
1610612762,2022,00,Rudy Gay,Rudy,rudy-gay,22,F-G,6-8,250,"AUG 17, 1986",36.0,16,Connecticut,200752,Signed on 08/06/21
1610612762,2022,00,Lauri Markkanen,Lauri,lauri-markkanen,23,F-C,7-0,240,"MAY 22, 1997",25.0,5,Arizona,1628374,Traded from CLE on 09/03/22
1610612762,2022,00,Walker Kessler,Walker,walker-kessler,24,C,7-0,245,"JUL 26, 2001",21.0,R,Auburn,1631117,Draft Rights Traded from MIN on 07/06/22
1610612762,2022,00,Micah Potter,Micah,micah-potter,25,C,6-8,248,"APR 06, 1998",24.0,1,Wisconsin,1630695,Signed on 10/12/22
1610612762,2022,00,Damian Jones,Damian,damian-jones,30,C,6-11,245,"JUN 30, 1995",27.0,6,Vanderbilt,1627745,Traded from LAL on 02/09/23
1610612762,2022,00,Ochai Agbaji,Ochai,ochai-agbaji,30,G,6-5,215,"APR 20, 2000",22.0,R,Kansas,1630534,Traded from CLE on 09/03/22
1610612762,2022,00,Johnny Juzang,Johnny,johnny-juzang,33,G,6-6,209,"MAR 17, 2001",21.0,R,UCLA,1630548,Signed on 07/15/22
1610612762,2022,00,Kelly Olynyk,Kelly,kelly-olynyk,41,F-C,6-11,240,"APR 19, 1991",31.0,9,Gonzaga,203482,Traded from DET on 09/22/22
1610612762,2022,00,Juan Toscano-Anderson,Juan,juan-toscano-anderson,95,F,6-6,209,"APR 10, 1993",29.0,3,Marquette,1629308,Traded from LAL on 02/09/23
1610612763,2022,00,Kennedy Chandler,Kennedy,kennedy-chandler,1,G,5-11,170,"SEP 16, 2002",20.0,R,Tennessee,1631113,Draft Rights Traded from SAS on 06/24/22
1610612763,2022,00,Xavier Tillman,Xavier,xavier-tillman,2,F,6-7,245,"JAN 12, 1999",24.0,2,Michigan State,1630214,Draft Rights Traded from SAC on 11/19/20
1610612763,2022,00,Jake LaRavia,Jake,jake-laravia,3,F,6-7,235,"NOV 03, 2001",21.0,R,Wake Forest,1631222,Draft Rights Traded from MIN on 06/24/22
1610612763,2022,00,Steven Adams,Steven,steven-adams,4,C,6-11,265,"JUL 20, 1993",29.0,9,Pittsburgh,203500,Traded from NOP on 08/07/21
1610612763,2022,00,Vince Williams Jr.,Vince,vince-williams-jr,5,G,6-4,205,"AUG 30, 2000",22.0,R,Virginia Commonwealth,1631246,#47 Pick in 2022 Draft
1610612763,2022,00,Luke Kennard,Luke,luke-kennard,5,G,6-5,206,"JUN 24, 1996",26.0,5,Duke,1628379,Traded from LAC on 02/09/23
1610612763,2022,00,Kenneth Lofton Jr.,Kenneth,kenneth-lofton-jr,6,F,6-6,275,"AUG 14, 2002",20.0,R,Louisiana Tech,1631254,Signed on 07/01/22
1610612763,2022,00,Santi Aldama,Santi,santi-aldama,7,F-C,7-0,215,"JAN 10, 2001",22.0,1,Loyola-Maryland,1630583,Draft Rights Traded from UTA on 08/07/21
1610612763,2022,00,Ziaire Williams,Ziaire,ziaire-williams,8,F,6-9,185,"SEP 12, 2001",21.0,1,Stanford,1630533,Draft Rights Traded from NOP on 08/07/21
1610612763,2022,00,Ja Morant,Ja,ja-morant,12,G,6-2,174,"AUG 10, 1999",23.0,3,Murray State,1629630,#2 Pick in 2019 Draft
1610612763,2022,00,Jaren Jackson Jr.,Jaren,jaren-jackson-jr,13,F-C,6-10,242,"SEP 15, 1999",23.0,4,Michigan State,1628991,#4 Pick in 2018 Draft
1610612763,2022,00,Brandon Clarke,Brandon,brandon-clarke,15,F,6-8,215,"SEP 19, 1996",26.0,3,Gonzaga,1629634,Draft Rights Traded from OKC on 07/06/19
1610612763,2022,00,Tyus Jones,Tyus,tyus-jones,21,G,6-2,196,"MAY 10, 1996",26.0,7,Duke,1626145,Signed on 07/11/19
1610612763,2022,00,Desmond Bane,Desmond,desmond-bane,22,G,6-5,215,"JUN 25, 1998",24.0,2,TCU,1630217,Draft Rights Traded from BOS on 11/20/20
1610612763,2022,00,Dillon Brooks,Dillon,dillon-brooks,24,G-F,6-6,225,"JAN 22, 1996",27.0,5,Oregon,1628415,Draft Rights Traded from HOU on 06/22/17
1610612763,2022,00,David Roddy,David,david-roddy,27,F,6-4,255,"MAR 27, 2001",21.0,R,Colorado State,1631223,Draft Rights Traded from PHI on 06/24/22
1610612763,2022,00,John Konchar,John,john-konchar,46,G,6-5,210,"MAR 22, 1996",26.0,3,Indiana-Purdue Fort Wayne,1629723,Signed on 07/07/19
1610612764,2022,00,Johnny Davis,Johnny,johnny-davis,1,G,6-4,195,"FEB 27, 2002",20.0,R,Wisconsin,1631098,#10 Pick in 2022 Draft
1610612764,2022,00,Bradley Beal,Bradley,bradley-beal,3,G,6-4,207,"JUN 28, 1993",29.0,10,Florida,203078,#3 Pick in 2012 Draft
1610612764,2022,00,Will Barton,Will,will-barton,5,G,6-5,181,"JAN 06, 1991",32.0,10,Memphis,203115,Traded from DEN on 07/06/22
1610612764,2022,00,Kristaps Porzingis,Kristaps,kristaps-porzingis,6,F-C,7-3,240,"AUG 02, 1995",27.0,6,Cajasol Sevilla,204001,Traded from DAL on 02/10/22
1610612764,2022,00,Jordan Goodwin,Jordan,jordan-goodwin,7,G,6-3,200,"OCT 23, 1998",24.0,1,St. Louis,1630692,Signed on 08/18/21
1610612764,2022,00,Deni Avdija,Deni,deni-avdija,9,F,6-9,210,"JAN 03, 2001",22.0,2,Maccabi Tel Aviv,1630166,#9 Pick in 2020 Draft
1610612764,2022,00,Kendrick Nunn,Kendrick,kendrick-nunn,12,G,6-3,190,"AUG 03, 1995",27.0,2,Oakland,1629134,Traded from LAL on 01/23/23
1610612764,2022,00,Vernon Carey Jr.,Vernon,vernon-carey-jr,13,F-C,6-10,270,"FEB 25, 2001",21.0,2,Duke,1630176,Traded from CHA on 02/10/22
1610612764,2022,00,Isaiah Todd,Isaiah,isaiah-todd,14,F,6-9,219,"OCT 17, 2001",21.0,1,NBA G League Ignite,1630225,Draft Rights Traded from IND on 08/06/21
1610612764,2022,00,Anthony Gill,Anthony,anthony-gill,16,F,6-8,230,"OCT 17, 1992",30.0,2,Virginia,1630264,Signed on 11/30/20
1610612764,2022,00,Daniel Gafford,Daniel,daniel-gafford,21,F-C,6-10,234,"OCT 01, 1998",24.0,3,Arkansas,1629655,Traded from CHI on 03/25/21
1610612764,2022,00,Monte Morris,Monte,monte-morris,22,G,6-2,183,"JUN 27, 1995",27.0,5,Iowa State,1628420,Traded from DEN on 07/06/22
1610612764,2022,00,Corey Kispert,Corey,corey-kispert,24,F,6-6,224,"MAR 03, 1999",23.0,1,Gonzaga,1630557,#15 Pick in 2021 Draft
1610612764,2022,00,Quenton Jackson,Quenton,quenton-jackson,29,G,6-5,173,"SEP 15, 1998",24.0,R,Texas A&M,1631245,Signed on 09/12/22
1610612764,2022,00,Kyle Kuzma,Kyle,kyle-kuzma,33,F,6-9,221,"JUL 24, 1995",27.0,5,Utah,1628398,Traded from LAL on 08/06/21
1610612764,2022,00,Delon Wright,Delon,delon-wright,55,G,6-5,185,"APR 26, 1992",30.0,7,Utah,1626153,Signed on 07/06/22
1610612764,2022,00,Taj Gibson,Taj,taj-gibson,67,F,6-9,232,"JUN 24, 1985",37.0,13,Southern California,201959,Signed on 07/19/22
1610612765,2022,00,Jalen Duren,Jalen,jalen-duren,0,C,6-11,250,"NOV 18, 2003",19.0,R,Memphis,1631105,Draft Rights Traded from NYK on 07/06/22
1610612765,2022,00,Cade Cunningham,Cade,cade-cunningham,2,G,6-7,220,"SEP 25, 2001",21.0,1,Oklahoma State,1630595,#1 Pick in 2021 Draft
1610612765,2022,00,Alec Burks,Alec,alec-burks,5,G,6-6,214,"JUL 20, 1991",31.0,11,Colorado,202692,Traded from NYK on 07/11/22
1610612765,2022,00,Hamidou Diallo,Hamidou,hamidou-diallo,6,G,6-5,202,"JUL 31, 1998",24.0,4,Kentucky,1628977,Traded from OKC on 03/13/21
1610612765,2022,00,Killian Hayes,Killian,killian-hayes,7,G,6-5,195,"JUL 27, 2001",21.0,2,Ratiopharm Ulm,1630165,#7 Pick in 2020 Draft
1610612765,2022,00,Jared Rhoden,Jared,jared-rhoden,8,G,6-6,210,"AUG 27, 1999",23.0,R,Seton Hall,1631197,Signed on 12/26/22
1610612765,2022,00,Nerlens Noel,Nerlens,nerlens-noel,9,C-F,6-10,220,"APR 10, 1994",28.0,8,Kentucky,203457,Traded from NYK on 07/11/22
1610612765,2022,00,Isaiah Livers,Isaiah,isaiah-livers,12,F,6-6,232,"JUL 28, 1998",24.0,1,Michigan,1630587,#42 Pick in 2021 Draft
1610612765,2022,00,Stanley Umude,Stanley,stanley-umude,14,G,6-6,210,"APR 12, 1999",23.0,R,Arkansas,1630649,Signed on 09/25/22
1610612765,2022,00,Rodney McGruder,Rodney,rodney-mcgruder,17,G,6-4,205,"JUL 29, 1991",31.0,6,Kansas State,203585,Traded from LAC on 11/19/20
1610612765,2022,00,Cory Joseph,Cory,cory-joseph,18,G,6-3,200,"AUG 20, 1991",31.0,11,Texas,202709,Traded from SAC on 03/25/21
1610612765,2022,00,Jaden Ivey,Jaden,jaden-ivey,23,G,6-4,195,"FEB 13, 2002",21.0,R,Purdue,1631093,#5 Pick in 2022 Draft
1610612765,2022,00,Buddy Boeheim,Buddy,buddy-boeheim,27,F,6-6,205,"NOV 11, 1999",23.0,R,Syracuse,1631205,Signed on 07/02/22
1610612765,2022,00,Isaiah Stewart,Isaiah,isaiah-stewart,28,F-C,6-8,250,"MAY 22, 2001",21.0,2,Washington,1630191,Draft Rights Traded from HOU on 11/24/20
1610612765,2022,00,James Wiseman,James,james-wiseman,33,C,7-0,240,"MAR 31, 2001",21.0,1,Memphis,1630164,Traded from GSW on 02/09/23
1610612765,2022,00,Marvin Bagley III,Marvin,marvin-bagley-iii,35,F,6-10,235,"MAR 14, 1999",23.0,4,Duke,1628963,Traded from SAC on 02/10/22
1610612765,2022,00,Bojan Bogdanovic,Bojan,bojan-bogdanovic,44,F,6-7,226,"APR 18, 1989",33.0,8,Fenerbahce,202711,Traded from UTA on 09/22/22
1610612766,2022,00,LaMelo Ball,LaMelo,lamelo-ball,1,G,6-7,180,"AUG 22, 2001",21.0,2,Illawarra,1630163,#3 Pick in 2020 Draft
1610612766,2022,00,James Bouknight,James,james-bouknight,2,G,6-4,190,"SEP 18, 2000",22.0,1,Connecticut,1630547,#11 Pick in 2021 Draft
1610612766,2022,00,Terry Rozier,Terry,terry-rozier,3,G,6-1,190,"MAR 17, 1994",28.0,7,Louisville,1626179,Traded from BOS on 07/06/19
1610612766,2022,00,Nick Richards,Nick,nick-richards,4,C,7-0,245,"NOV 29, 1997",25.0,2,Kentucky,1630208,Draft Rights Traded from NOP on 11/19/20
1610612766,2022,00,Mark Williams,Mark,mark-williams,5,C,7-0,240,"DEC 16, 2001",21.0,R,Duke,1631109,#15 Pick in 2022 Draft
1610612766,2022,00,Bryce McGowens,Bryce,bryce-mcgowens,7,G,6-6,175,"NOV 08, 2002",20.0,R,Nebraska,1631121,Draft Rights Traded from MIN on 06/24/22
1610612766,2022,00,Dennis Smith Jr.,Dennis,dennis-smith-jr,8,G,6-2,205,"NOV 25, 1997",25.0,5,North Carolina State,1628372,Signed on 09/23/22
1610612766,2022,00,Theo Maledon,Theo,theo-maledon,9,G,6-5,175,"JUN 12, 2001",21.0,2,Asvel,1630177,Signed on 10/15/22
1610612766,2022,00,Cody Martin,Cody,cody-martin,11,F,6-6,205,"SEP 28, 1995",27.0,3,Nevada,1628998,#36 Pick in 2019 Draft
1610612766,2022,00,Kelly Oubre Jr.,Kelly,kelly-oubre-jr,12,F-G,6-6,203,"DEC 09, 1995",27.0,7,Kansas,1626162,Signed on 08/07/21
1610612766,2022,00,Svi Mykhailiuk,Svi,svi-mykhailiuk,17,G-F,6-7,205,"JUN 10, 1997",25.0,4,Kansas,1629004,Traded from NYK on 02/09/23
1610612766,2022,00,Gordon Hayward,Gordon,gordon-hayward,20,F,6-7,225,"MAR 23, 1990",32.0,12,Butler,202330,Traded from BOS on 11/29/20
1610612766,2022,00,JT Thor,JT,jt-thor,21,F,6-9,203,"AUG 26, 2002",20.0,1,Auburn,1630550,Draft Rights Traded from DET on 08/06/21
1610612766,2022,00,Kai Jones,Kai,kai-jones,23,C-F,6-11,221,"JAN 19, 2001",22.0,1,Texas,1630539,Draft Rights Traded from NYK on 07/30/21
1610612766,2022,00,P.J. Washington,P.J.,pj-washington,25,F,6-7,230,"AUG 23, 1998",24.0,3,Kentucky,1629023,#12 Pick in 2019 Draft
